{"stats":{"minecraft:custom":{"minecraft:time_since_rest":532248,"minecraft:crouch_one_cm":1763,"minecraft:play_one_minute":532248,"minecraft:leave_game":9,"minecraft:sprint_one_cm":3210,"minecraft:time_since_death":532248,"minecraft:walk_one_cm":29120,"minecraft:interact_with_beacon":1,"minecraft:sneak_time":18141,"minecraft:drop":4,"minecraft:fly_one_cm":6892406,"minecraft:jump":151},"minecraft:used":{"minecraft:air":11112,"minecraft:acacia_door":8},"minecraft:picked_up":{"minecraft:wooden_axe":1,"minecraft:acacia_door":4,"minecraft:white_concrete":1},"minecraft:dropped":{"minecraft:light_gray_concrete":1,"minecraft:wooden_axe":1,"minecraft:white_concrete":2}},"DataVersion":1631}